subject_id,site,label,feature_path,timepoints,num_rois,age,gender
sub-1018959,KKI,0,./data/cached_features/KKI_sub-1018959_aal116.npy,152,116,12.36,
sub-1019436,KKI,1,./data/cached_features/KKI_sub-1019436_aal116.npy,152,116,12.98,
sub-1043241,KKI,0,./data/cached_features/KKI_sub-1043241_aal116.npy,152,116,9.12,
sub-1266183,KKI,0,./data/cached_features/KKI_sub-1266183_aal116.npy,124,116,9.67,
sub-1535233,KKI,0,./data/cached_features/KKI_sub-1535233_aal116.npy,152,116,9.64,
sub-1541812,KKI,1,./data/cached_features/KKI_sub-1541812_aal116.npy,124,116,8.45,
sub-1577042,KKI,1,./data/cached_features/KKI_sub-1577042_aal116.npy,124,116,9.06,
sub-1594156,KKI,0,./data/cached_features/KKI_sub-1594156_aal116.npy,124,116,12.87,
sub-1623716,KKI,1,./data/cached_features/KKI_sub-1623716_aal116.npy,124,116,12.65,
sub-1638334,KKI,0,./data/cached_features/KKI_sub-1638334_aal116.npy,124,116,10.44,
sub-1652369,KKI,0,./data/cached_features/KKI_sub-1652369_aal116.npy,124,116,10.6,
sub-1686265,KKI,0,./data/cached_features/KKI_sub-1686265_aal116.npy,124,116,8.02,
sub-1692275,KKI,0,./data/cached_features/KKI_sub-1692275_aal116.npy,124,116,10.78,
sub-1735881,KKI,0,./data/cached_features/KKI_sub-1735881_aal116.npy,124,116,9.39,
sub-1779922,KKI,0,./data/cached_features/KKI_sub-1779922_aal116.npy,152,116,10.84,
sub-1842819,KKI,0,./data/cached_features/KKI_sub-1842819_aal116.npy,124,116,10.09,
sub-1846346,KKI,0,./data/cached_features/KKI_sub-1846346_aal116.npy,152,116,8.91,
sub-1873761,KKI,1,./data/cached_features/KKI_sub-1873761_aal116.npy,124,116,10.36,
sub-1962503,KKI,0,./data/cached_features/KKI_sub-1962503_aal116.npy,124,116,8.67,
sub-1988015,KKI,0,./data/cached_features/KKI_sub-1988015_aal116.npy,152,116,11.17,
sub-1996183,KKI,1,./data/cached_features/KKI_sub-1996183_aal116.npy,152,116,11.04,
sub-2014113,KKI,1,./data/cached_features/KKI_sub-2014113_aal116.npy,124,116,10.35,
sub-2018106,KKI,0,./data/cached_features/KKI_sub-2018106_aal116.npy,152,116,11.66,
sub-2026113,KKI,1,./data/cached_features/KKI_sub-2026113_aal116.npy,124,116,12.99,
sub-2081148,KKI,1,./data/cached_features/KKI_sub-2081148_aal116.npy,124,116,9.43,
sub-2104012,KKI,0,./data/cached_features/KKI_sub-2104012_aal116.npy,124,116,9.62,
sub-2138826,KKI,0,./data/cached_features/KKI_sub-2138826_aal116.npy,124,116,8.46,
sub-2299519,KKI,1,./data/cached_features/KKI_sub-2299519_aal116.npy,124,116,11.89,
sub-2344857,KKI,0,./data/cached_features/KKI_sub-2344857_aal116.npy,152,116,8.92,
sub-2360428,KKI,0,./data/cached_features/KKI_sub-2360428_aal116.npy,124,116,8.56,
sub-2371032,KKI,0,./data/cached_features/KKI_sub-2371032_aal116.npy,152,116,10.73,
sub-2554127,KKI,0,./data/cached_features/KKI_sub-2554127_aal116.npy,124,116,9.02,
sub-2558999,KKI,0,./data/cached_features/KKI_sub-2558999_aal116.npy,152,116,8.87,
sub-2572285,KKI,0,./data/cached_features/KKI_sub-2572285_aal116.npy,152,116,8.33,
sub-2601925,KKI,0,./data/cached_features/KKI_sub-2601925_aal116.npy,124,116,9.58,
sub-2618929,KKI,0,./data/cached_features/KKI_sub-2618929_aal116.npy,124,116,10.09,
sub-2621228,KKI,0,./data/cached_features/KKI_sub-2621228_aal116.npy,124,116,8.98,
sub-2640795,KKI,0,./data/cached_features/KKI_sub-2640795_aal116.npy,124,116,12.47,
sub-2641332,KKI,0,./data/cached_features/KKI_sub-2641332_aal116.npy,152,116,10.38,
sub-2703289,KKI,0,./data/cached_features/KKI_sub-2703289_aal116.npy,124,116,11.1,
sub-2740232,KKI,0,./data/cached_features/KKI_sub-2740232_aal116.npy,124,116,11.09,
sub-2768273,KKI,0,./data/cached_features/KKI_sub-2768273_aal116.npy,124,116,9.24,
sub-2822304,KKI,0,./data/cached_features/KKI_sub-2822304_aal116.npy,124,116,9.62,
sub-2903997,KKI,0,./data/cached_features/KKI_sub-2903997_aal116.npy,152,116,11.91,
sub-2917777,KKI,0,./data/cached_features/KKI_sub-2917777_aal116.npy,152,116,12.66,
sub-2930625,KKI,0,./data/cached_features/KKI_sub-2930625_aal116.npy,124,116,9.97,
sub-3103809,KKI,0,./data/cached_features/KKI_sub-3103809_aal116.npy,152,116,9.3,
sub-3119327,KKI,1,./data/cached_features/KKI_sub-3119327_aal116.npy,152,116,10.15,
sub-3154996,KKI,1,./data/cached_features/KKI_sub-3154996_aal116.npy,124,116,11.65,
sub-3160561,KKI,1,./data/cached_features/KKI_sub-3160561_aal116.npy,152,116,11.95,
sub-3170319,KKI,1,./data/cached_features/KKI_sub-3170319_aal116.npy,124,116,9.52,
sub-3310328,KKI,1,./data/cached_features/KKI_sub-3310328_aal116.npy,124,116,9.97,
sub-3434578,KKI,0,./data/cached_features/KKI_sub-3434578_aal116.npy,152,116,8.12,
sub-3486975,KKI,0,./data/cached_features/KKI_sub-3486975_aal116.npy,124,116,11.73,
sub-3519022,KKI,1,./data/cached_features/KKI_sub-3519022_aal116.npy,124,116,8.1,
sub-3611827,KKI,1,./data/cached_features/KKI_sub-3611827_aal116.npy,124,116,9.08,
sub-3699991,KKI,0,./data/cached_features/KKI_sub-3699991_aal116.npy,152,116,12.77,
sub-3713230,KKI,0,./data/cached_features/KKI_sub-3713230_aal116.npy,124,116,11.67,
sub-3813783,KKI,0,./data/cached_features/KKI_sub-3813783_aal116.npy,124,116,10.55,
sub-3884955,KKI,0,./data/cached_features/KKI_sub-3884955_aal116.npy,124,116,11.84,
sub-3902469,KKI,0,./data/cached_features/KKI_sub-3902469_aal116.npy,152,116,10.64,
sub-3912996,KKI,0,./data/cached_features/KKI_sub-3912996_aal116.npy,124,116,9.79,
sub-3917422,KKI,1,./data/cached_features/KKI_sub-3917422_aal116.npy,124,116,8.19,
sub-3972472,KKI,0,./data/cached_features/KKI_sub-3972472_aal116.npy,124,116,9.12,
sub-3972956,KKI,0,./data/cached_features/KKI_sub-3972956_aal116.npy,124,116,10.12,
sub-4104523,KKI,0,./data/cached_features/KKI_sub-4104523_aal116.npy,152,116,12.43,
sub-4154182,KKI,0,./data/cached_features/KKI_sub-4154182_aal116.npy,152,116,9.75,
sub-4275075,KKI,1,./data/cached_features/KKI_sub-4275075_aal116.npy,124,116,10.5,
sub-4362730,KKI,1,./data/cached_features/KKI_sub-4362730_aal116.npy,124,116,8.99,
sub-4601682,KKI,0,./data/cached_features/KKI_sub-4601682_aal116.npy,124,116,11.02,
sub-5216908,KKI,0,./data/cached_features/KKI_sub-5216908_aal116.npy,152,116,10.82,
sub-6346605,KKI,0,./data/cached_features/KKI_sub-6346605_aal116.npy,124,116,10.69,
sub-6453038,KKI,1,./data/cached_features/KKI_sub-6453038_aal116.npy,124,116,8.72,
sub-7129258,KKI,0,./data/cached_features/KKI_sub-7129258_aal116.npy,124,116,9.73,
sub-7415617,KKI,0,./data/cached_features/KKI_sub-7415617_aal116.npy,124,116,10.9,
sub-7774305,KKI,0,./data/cached_features/KKI_sub-7774305_aal116.npy,152,116,11.22,
sub-8083695,KKI,0,./data/cached_features/KKI_sub-8083695_aal116.npy,124,116,8.62,
sub-8263351,KKI,0,./data/cached_features/KKI_sub-8263351_aal116.npy,124,116,8.34,
sub-8337695,KKI,1,./data/cached_features/KKI_sub-8337695_aal116.npy,152,116,8.8,
sub-8432725,KKI,0,./data/cached_features/KKI_sub-8432725_aal116.npy,124,116,11.51,
sub-8628223,KKI,0,./data/cached_features/KKI_sub-8628223_aal116.npy,152,116,10.81,
sub-8658218,KKI,0,./data/cached_features/KKI_sub-8658218_aal116.npy,124,116,9.75,
sub-9922944,KKI,0,./data/cached_features/KKI_sub-9922944_aal116.npy,152,116,10.3,
sub-0010011,NYU,1,./data/cached_features/NYU_sub-0010011_aal116.npy,176,116,9.16,
sub-0010060,NYU,1,./data/cached_features/NYU_sub-0010060_aal116.npy,176,116,8.75,
sub-0010061,NYU,1,./data/cached_features/NYU_sub-0010061_aal116.npy,176,116,11.41,
sub-0010108,NYU,1,./data/cached_features/NYU_sub-0010108_aal116.npy,176,116,17.15,
sub-0010119,NYU,1,./data/cached_features/NYU_sub-0010119_aal116.npy,176,116,7.77,
sub-0010125,NYU,0,./data/cached_features/NYU_sub-0010125_aal116.npy,176,116,7.19,
sub-1567356,NYU,0,./data/cached_features/NYU_sub-1567356_aal116.npy,176,116,8.91,
sub-1884448,NYU,0,./data/cached_features/NYU_sub-1884448_aal116.npy,176,116,8.91,
sub-8915162,NYU,1,./data/cached_features/NYU_sub-8915162_aal116.npy,176,116,10.7,
sub-2876903,NeuroIMAGE,1,./data/cached_features/NeuroIMAGE_sub-2876903_aal116.npy,261,116,11.05,
sub-0023000,OHSU,1,./data/cached_features/OHSU_sub-0023000_aal116.npy,77,116,10.42,
sub-0023001,OHSU,0,./data/cached_features/OHSU_sub-0023001_aal116.npy,77,116,9.33,
sub-0023002,OHSU,1,./data/cached_features/OHSU_sub-0023002_aal116.npy,77,116,10.67,
sub-0023006,OHSU,0,./data/cached_features/OHSU_sub-0023006_aal116.npy,77,116,9.25,
sub-0023007,OHSU,1,./data/cached_features/OHSU_sub-0023007_aal116.npy,77,116,11.08,
sub-0023008,OHSU,0,./data/cached_features/OHSU_sub-0023008_aal116.npy,77,116,9.17,
sub-0023010,OHSU,0,./data/cached_features/OHSU_sub-0023010_aal116.npy,77,116,7.67,
sub-0023011,OHSU,0,./data/cached_features/OHSU_sub-0023011_aal116.npy,77,116,8.92,
sub-0023013,OHSU,0,./data/cached_features/OHSU_sub-0023013_aal116.npy,77,116,10.58,
sub-0023016,OHSU,0,./data/cached_features/OHSU_sub-0023016_aal116.npy,77,116,10.25,
sub-0023024,OHSU,0,./data/cached_features/OHSU_sub-0023024_aal116.npy,77,116,9.58,
sub-0023026,OHSU,0,./data/cached_features/OHSU_sub-0023026_aal116.npy,77,116,8.33,
sub-0023027,OHSU,0,./data/cached_features/OHSU_sub-0023027_aal116.npy,77,116,11.58,
sub-0023028,OHSU,0,./data/cached_features/OHSU_sub-0023028_aal116.npy,77,116,9.92,
sub-0023031,OHSU,0,./data/cached_features/OHSU_sub-0023031_aal116.npy,77,116,11.92,
sub-0023038,OHSU,0,./data/cached_features/OHSU_sub-0023038_aal116.npy,77,116,9.33,
sub-0023039,OHSU,0,./data/cached_features/OHSU_sub-0023039_aal116.npy,77,116,11.17,
sub-0023040,OHSU,0,./data/cached_features/OHSU_sub-0023040_aal116.npy,77,116,7.5,
sub-0023041,OHSU,0,./data/cached_features/OHSU_sub-0023041_aal116.npy,77,116,9.92,
sub-0023042,OHSU,0,./data/cached_features/OHSU_sub-0023042_aal116.npy,77,116,8.08,
sub-1084283,OHSU,1,./data/cached_features/OHSU_sub-1084283_aal116.npy,78,116,11.0,
sub-1084884,OHSU,0,./data/cached_features/OHSU_sub-1084884_aal116.npy,78,116,9.42,
sub-1108916,OHSU,1,./data/cached_features/OHSU_sub-1108916_aal116.npy,78,116,8.5,
sub-1340333,OHSU,1,./data/cached_features/OHSU_sub-1340333_aal116.npy,78,116,7.42,
sub-1386056,OHSU,0,./data/cached_features/OHSU_sub-1386056_aal116.npy,78,116,8.0,
sub-1411223,OHSU,1,./data/cached_features/OHSU_sub-1411223_aal116.npy,78,116,9.17,
sub-1418396,OHSU,0,./data/cached_features/OHSU_sub-1418396_aal116.npy,78,116,8.67,
sub-1421489,OHSU,0,./data/cached_features/OHSU_sub-1421489_aal116.npy,78,116,8.75,
sub-1481430,OHSU,0,./data/cached_features/OHSU_sub-1481430_aal116.npy,78,116,11.92,
sub-1536593,OHSU,1,./data/cached_features/OHSU_sub-1536593_aal116.npy,78,116,8.58,
sub-1647968,OHSU,0,./data/cached_features/OHSU_sub-1647968_aal116.npy,78,116,11.0,
sub-1664335,OHSU,0,./data/cached_features/OHSU_sub-1664335_aal116.npy,78,116,9.0,
sub-1679142,OHSU,0,./data/cached_features/OHSU_sub-1679142_aal116.npy,78,116,10.33,
sub-1696588,OHSU,0,./data/cached_features/OHSU_sub-1696588_aal116.npy,78,116,8.75,
sub-1743472,OHSU,1,./data/cached_features/OHSU_sub-1743472_aal116.npy,78,116,8.75,
sub-2054310,OHSU,1,./data/cached_features/OHSU_sub-2054310_aal116.npy,78,116,8.42,
sub-2232376,OHSU,0,./data/cached_features/OHSU_sub-2232376_aal116.npy,78,116,10.33,
sub-2409220,OHSU,0,./data/cached_features/OHSU_sub-2409220_aal116.npy,78,116,7.67,
sub-2427434,OHSU,0,./data/cached_features/OHSU_sub-2427434_aal116.npy,78,116,8.08,
sub-2455205,OHSU,1,./data/cached_features/OHSU_sub-2455205_aal116.npy,78,116,7.5,
sub-2559559,OHSU,1,./data/cached_features/OHSU_sub-2559559_aal116.npy,78,116,7.92,
sub-2561174,OHSU,1,./data/cached_features/OHSU_sub-2561174_aal116.npy,78,116,8.67,
sub-2571197,OHSU,1,./data/cached_features/OHSU_sub-2571197_aal116.npy,78,116,7.67,
sub-2578455,OHSU,0,./data/cached_features/OHSU_sub-2578455_aal116.npy,78,116,9.5,
sub-2929195,OHSU,1,./data/cached_features/OHSU_sub-2929195_aal116.npy,78,116,9.58,
sub-2947936,OHSU,0,./data/cached_features/OHSU_sub-2947936_aal116.npy,78,116,8.5,
sub-3048401,OHSU,0,./data/cached_features/OHSU_sub-3048401_aal116.npy,78,116,11.58,
sub-3052540,OHSU,1,./data/cached_features/OHSU_sub-3052540_aal116.npy,78,116,9.17,
sub-3162671,OHSU,0,./data/cached_features/OHSU_sub-3162671_aal116.npy,78,116,8.5,
sub-3206978,OHSU,0,./data/cached_features/OHSU_sub-3206978_aal116.npy,78,116,8.25,
sub-3212875,OHSU,0,./data/cached_features/OHSU_sub-3212875_aal116.npy,78,116,8.67,
sub-3244985,OHSU,0,./data/cached_features/OHSU_sub-3244985_aal116.npy,78,116,7.17,
sub-3302025,OHSU,0,./data/cached_features/OHSU_sub-3302025_aal116.npy,78,116,9.0,
sub-3358877,OHSU,1,./data/cached_features/OHSU_sub-3358877_aal116.npy,78,116,8.5,
sub-3466651,OHSU,1,./data/cached_features/OHSU_sub-3466651_aal116.npy,78,116,8.08,
sub-3560456,OHSU,1,./data/cached_features/OHSU_sub-3560456_aal116.npy,78,116,7.83,
sub-3677724,OHSU,1,./data/cached_features/OHSU_sub-3677724_aal116.npy,78,116,8.75,
sub-3812101,OHSU,0,./data/cached_features/OHSU_sub-3812101_aal116.npy,78,116,7.83,
sub-3848511,OHSU,0,./data/cached_features/OHSU_sub-3848511_aal116.npy,78,116,8.08,
sub-3869075,OHSU,0,./data/cached_features/OHSU_sub-3869075_aal116.npy,78,116,8.67,
sub-3899622,OHSU,0,./data/cached_features/OHSU_sub-3899622_aal116.npy,78,116,8.25,
sub-4072305,OHSU,1,./data/cached_features/OHSU_sub-4072305_aal116.npy,78,116,9.25,
sub-4103874,OHSU,0,./data/cached_features/OHSU_sub-4103874_aal116.npy,78,116,7.33,
sub-4529116,OHSU,0,./data/cached_features/OHSU_sub-4529116_aal116.npy,78,116,8.42,
sub-5302451,OHSU,1,./data/cached_features/OHSU_sub-5302451_aal116.npy,78,116,11.33,
sub-6953386,OHSU,1,./data/cached_features/OHSU_sub-6953386_aal116.npy,78,116,11.83,
sub-7333005,OHSU,1,./data/cached_features/OHSU_sub-7333005_aal116.npy,78,116,9.0,
sub-8218392,OHSU,0,./data/cached_features/OHSU_sub-8218392_aal116.npy,78,116,8.33,
sub-8720244,OHSU,1,./data/cached_features/OHSU_sub-8720244_aal116.npy,78,116,10.33,
sub-9499804,OHSU,0,./data/cached_features/OHSU_sub-9499804_aal116.npy,78,116,8.17,
sub-1038415,Peking_1,1,./data/cached_features/Peking_1_sub-1038415_aal116.npy,235,116,14.92,
sub-1056121,Peking_1,0,./data/cached_features/Peking_1_sub-1056121_aal116.npy,236,116,13.92,
sub-1133221,Peking_1,1,./data/cached_features/Peking_1_sub-1133221_aal116.npy,236,116,12.33,
sub-1186237,Peking_1,1,./data/cached_features/Peking_1_sub-1186237_aal116.npy,236,116,13.92,
sub-1245758,Peking_1,0,./data/cached_features/Peking_1_sub-1245758_aal116.npy,235,116,8.58,
sub-1282248,Peking_1,1,./data/cached_features/Peking_1_sub-1282248_aal116.npy,236,116,10.58,
sub-1302449,Peking_1,0,./data/cached_features/Peking_1_sub-1302449_aal116.npy,236,116,8.58,
sub-1419103,Peking_1,0,./data/cached_features/Peking_1_sub-1419103_aal116.npy,235,116,9.92,
sub-1469171,Peking_1,0,./data/cached_features/Peking_1_sub-1469171_aal116.npy,236,116,11.58,
sub-1689948,Peking_1,0,./data/cached_features/Peking_1_sub-1689948_aal116.npy,236,116,11.75,
sub-1784368,Peking_1,1,./data/cached_features/Peking_1_sub-1784368_aal116.npy,235,116,8.92,
sub-1791543,Peking_1,1,./data/cached_features/Peking_1_sub-1791543_aal116.npy,236,116,9.33,
sub-2024999,Peking_1,1,./data/cached_features/Peking_1_sub-2024999_aal116.npy,235,116,10.33,
sub-2101067,Peking_1,0,./data/cached_features/Peking_1_sub-2101067_aal116.npy,235,116,15.17,
sub-2342030,Peking_1,0,./data/cached_features/Peking_1_sub-2342030_aal116.npy,235,116,10.17,
sub-2380326,Peking_1,1,./data/cached_features/Peking_1_sub-2380326_aal116.npy,235,116,9.58,
sub-2488729,Peking_1,0,./data/cached_features/Peking_1_sub-2488729_aal116.npy,235,116,13.75,
sub-2505328,Peking_1,1,./data/cached_features/Peking_1_sub-2505328_aal116.npy,235,116,8.83,
sub-2628237,Peking_1,1,./data/cached_features/Peking_1_sub-2628237_aal116.npy,235,116,13.0,
sub-2703336,Peking_1,0,./data/cached_features/Peking_1_sub-2703336_aal116.npy,236,116,11.5,
sub-2714224,Peking_1,0,./data/cached_features/Peking_1_sub-2714224_aal116.npy,236,116,10.0,
sub-2833684,Peking_1,0,./data/cached_features/Peking_1_sub-2833684_aal116.npy,236,116,10.42,
sub-2897046,Peking_1,1,./data/cached_features/Peking_1_sub-2897046_aal116.npy,236,116,9.17,
sub-2910270,Peking_1,1,./data/cached_features/Peking_1_sub-2910270_aal116.npy,236,116,13.83,
sub-3004580,Peking_1,0,./data/cached_features/Peking_1_sub-3004580_aal116.npy,236,116,14.0,
sub-3169448,Peking_1,1,./data/cached_features/Peking_1_sub-3169448_aal116.npy,235,116,11.0,
sub-3233028,Peking_1,0,./data/cached_features/Peking_1_sub-3233028_aal116.npy,236,116,10.42,
sub-3239413,Peking_1,0,./data/cached_features/Peking_1_sub-3239413_aal116.npy,236,116,9.25,
sub-3269608,Peking_1,0,./data/cached_features/Peking_1_sub-3269608_aal116.npy,236,116,12.08,
sub-3407871,Peking_1,1,./data/cached_features/Peking_1_sub-3407871_aal116.npy,235,116,13.33,
sub-3504058,Peking_1,1,./data/cached_features/Peking_1_sub-3504058_aal116.npy,235,116,13.17,
sub-3520880,Peking_1,1,./data/cached_features/Peking_1_sub-3520880_aal116.npy,235,116,9.83,
sub-3559087,Peking_1,1,./data/cached_features/Peking_1_sub-3559087_aal116.npy,235,116,12.58,
sub-3834703,Peking_1,1,./data/cached_features/Peking_1_sub-3834703_aal116.npy,235,116,12.92,
sub-4028266,Peking_1,1,./data/cached_features/Peking_1_sub-4028266_aal116.npy,236,116,9.25,
sub-4091983,Peking_1,1,./data/cached_features/Peking_1_sub-4091983_aal116.npy,236,116,12.17,
sub-5150328,Peking_1,1,./data/cached_features/Peking_1_sub-5150328_aal116.npy,236,116,15.92,
sub-5600820,Peking_1,0,./data/cached_features/Peking_1_sub-5600820_aal116.npy,236,116,11.92,
sub-6550938,Peking_1,0,./data/cached_features/Peking_1_sub-6550938_aal116.npy,235,116,11.5,
sub-7135128,Peking_1,0,./data/cached_features/Peking_1_sub-7135128_aal116.npy,236,116,13.92,
sub-8328877,Peking_1,0,./data/cached_features/Peking_1_sub-8328877_aal116.npy,236,116,13.75,
sub-8463326,Peking_1,1,./data/cached_features/Peking_1_sub-8463326_aal116.npy,235,116,12.67,
sub-9221927,Peking_1,0,./data/cached_features/Peking_1_sub-9221927_aal116.npy,236,116,11.83,
sub-9783279,Peking_1,0,./data/cached_features/Peking_1_sub-9783279_aal116.npy,236,116,12.75,
sub-9890726,Peking_1,0,./data/cached_features/Peking_1_sub-9890726_aal116.npy,236,116,9.25,
sub-0016004,Pittsburgh,0,./data/cached_features/Pittsburgh_sub-0016004_aal116.npy,196,116,10.49,
sub-0016005,Pittsburgh,0,./data/cached_features/Pittsburgh_sub-0016005_aal116.npy,196,116,10.57,
sub-0016009,Pittsburgh,0,./data/cached_features/Pittsburgh_sub-0016009_aal116.npy,196,116,11.12,
sub-0016010,Pittsburgh,0,./data/cached_features/Pittsburgh_sub-0016010_aal116.npy,196,116,11.24,
sub-0016012,Pittsburgh,0,./data/cached_features/Pittsburgh_sub-0016012_aal116.npy,196,116,11.41,
sub-0016020,Pittsburgh,0,./data/cached_features/Pittsburgh_sub-0016020_aal116.npy,196,116,12.35,
sub-0016022,Pittsburgh,0,./data/cached_features/Pittsburgh_sub-0016022_aal116.npy,196,116,12.47,
sub-0016023,Pittsburgh,0,./data/cached_features/Pittsburgh_sub-0016023_aal116.npy,196,116,12.51,
sub-0016024,Pittsburgh,0,./data/cached_features/Pittsburgh_sub-0016024_aal116.npy,196,116,12.65,
sub-0016025,Pittsburgh,0,./data/cached_features/Pittsburgh_sub-0016025_aal116.npy,196,116,12.71,
sub-0016026,Pittsburgh,0,./data/cached_features/Pittsburgh_sub-0016026_aal116.npy,196,116,12.88,
sub-0016028,Pittsburgh,0,./data/cached_features/Pittsburgh_sub-0016028_aal116.npy,196,116,13.03,
sub-0016030,Pittsburgh,0,./data/cached_features/Pittsburgh_sub-0016030_aal116.npy,196,116,13.44,
sub-0016032,Pittsburgh,0,./data/cached_features/Pittsburgh_sub-0016032_aal116.npy,196,116,13.65,
sub-0016038,Pittsburgh,0,./data/cached_features/Pittsburgh_sub-0016038_aal116.npy,196,116,14.24,
sub-0016039,Pittsburgh,0,./data/cached_features/Pittsburgh_sub-0016039_aal116.npy,196,116,14.57,
sub-0016040,Pittsburgh,0,./data/cached_features/Pittsburgh_sub-0016040_aal116.npy,196,116,14.63,
sub-0016043,Pittsburgh,0,./data/cached_features/Pittsburgh_sub-0016043_aal116.npy,196,116,14.85,
sub-0016046,Pittsburgh,0,./data/cached_features/Pittsburgh_sub-0016046_aal116.npy,196,116,14.99,
sub-0016048,Pittsburgh,0,./data/cached_features/Pittsburgh_sub-0016048_aal116.npy,196,116,15.56,
sub-0016049,Pittsburgh,0,./data/cached_features/Pittsburgh_sub-0016049_aal116.npy,196,116,15.69,
sub-0016050,Pittsburgh,0,./data/cached_features/Pittsburgh_sub-0016050_aal116.npy,196,116,15.78,
sub-0016053,Pittsburgh,0,./data/cached_features/Pittsburgh_sub-0016053_aal116.npy,196,116,15.92,
sub-0016055,Pittsburgh,0,./data/cached_features/Pittsburgh_sub-0016055_aal116.npy,196,116,16.16,
sub-0016058,Pittsburgh,0,./data/cached_features/Pittsburgh_sub-0016058_aal116.npy,196,116,17.01,
sub-0016061,Pittsburgh,0,./data/cached_features/Pittsburgh_sub-0016061_aal116.npy,196,116,17.23,
sub-0016062,Pittsburgh,0,./data/cached_features/Pittsburgh_sub-0016062_aal116.npy,196,116,17.44,
sub-0016063,Pittsburgh,0,./data/cached_features/Pittsburgh_sub-0016063_aal116.npy,196,116,17.46,
sub-0016065,Pittsburgh,0,./data/cached_features/Pittsburgh_sub-0016065_aal116.npy,196,116,17.84,
sub-0016071,Pittsburgh,0,./data/cached_features/Pittsburgh_sub-0016071_aal116.npy,196,116,18.33,
sub-0016087,Pittsburgh,0,./data/cached_features/Pittsburgh_sub-0016087_aal116.npy,196,116,18.96,
