rank,roi1_index,roi1_name,roi2_index,roi2_name,edge_weight
1,55,Fusiform_R,56,Postcentral_L,1.0
2,19,Supp_Motor_Area_R,69,Paracentral_Lobule_R,0.9908941984176636
3,33,Cingulum_Mid_R,34,Cingulum_Post_L,0.953438937664032
4,54,Fusiform_L,56,Postcentral_L,0.9438930153846741
5,54,Fusiform_L,57,Postcentral_R,0.9351129531860352
6,11,Frontal_Inf_Oper_R,19,Supp_Motor_Area_R,0.9337514042854309
7,32,Cingulum_Mid_L,35,Cingulum_Post_R,0.9209661483764648
8,32,Cingulum_Mid_L,34,Cingulum_Post_L,0.9137325882911682
9,18,Supp_Motor_Area_L,21,Olfactory_R,0.9043600559234619
10,67,Precuneus_R,68,Paracentral_Lobule_L,0.9028978943824768
11,55,Fusiform_R,57,Postcentral_R,0.9028728604316711
12,12,Frontal_Inf_Tri_L,19,Supp_Motor_Area_R,0.8981813192367554
13,33,Cingulum_Mid_R,35,Cingulum_Post_R,0.8907078504562378
14,19,Supp_Motor_Area_R,68,Paracentral_Lobule_L,0.8774197697639465
15,11,Frontal_Inf_Oper_R,18,Supp_Motor_Area_L,0.8735949397087097
16,66,Precuneus_L,68,Paracentral_Lobule_L,0.8723003268241882
17,10,Frontal_Inf_Oper_L,19,Supp_Motor_Area_R,0.8582685589790344
18,69,Paracentral_Lobule_R,70,Caudate_L,0.8536809682846069
19,42,Calcarine_L,50,Occipital_Mid_L,0.8521255254745483
20,42,Calcarine_L,51,Occipital_Mid_R,0.8519254326820374
